placar_casa,placar_visitante,data,round,stage,ano,equipe_casa,equipe_visitante,Pts_casa,3P_casa,2P_casa,LL_casa,RT_casa,RO_casa,RD_casa,AS_casa,ER_casa,IA%_casa,3PC_casa,3PT_casa,3P%_casa,2PC_casa,2PT_casa,2P%_casa,LLC_casa,LLT_casa,LL%_casa,EN_casa,BR_casa,B/E_casa,TO_casa,FC_casa,T/FC_casa,ET_casa,VI_casa,EF_casa,Pts_visitante,3P_visitante,2P_visitante,LL_visitante,RT_visitante,RO_visitante,RD_visitante,AS_visitante,ER_visitante,IA%_visitante,3PC_visitante,3PT_visitante,3P%_visitante,2PC_visitante,2PT_visitante,2P%_visitante,LLC_visitante,LLT_visitante,LL%_visitante,EN_visitante,BR_visitante,B/E_visitante,TO_visitante,FC_visitante,T/FC_visitante,ET_visitante,VI_visitante,EF_visitante
65,71,2018-12-11,9,1,2018-2019,R10 Score Vasco da Gama,Pinheiros,71.8,22.65,36.3,12.85,35.85,9.6,26.25,16.3,14.45,1.16,7.55,23.55,31.722,18.15,39.3,46.02400000000001,12.85,18.75,68.20400000000001,0.8,7.45,0.5319999999999999,1.35,19.15,0.074,14.45,2.25,75.25,81.367,32.05,36.967,12.35,33.983,10.267,23.717000000000002,14.582999999999998,11.433,1.451,10.683,29.867,35.80499999999999,18.482999999999997,35.25,53.146,12.35,16.032999999999998,76.381,1.0,8.05,0.792,1.8329999999999997,18.317,0.096,11.433,2.0,88.65
70,61,2018-12-12,9,1,2018-2019,Fortaleza B. C. / CFO,Minas,71.1,22.8,39.0,9.3,41.1,13.8,27.3,12.8,15.4,0.9030000000000001,7.6,24.1,31.149,19.5,39.5,49.76899999999999,9.3,15.6,60.391,2.3,7.7,0.52,2.3,19.0,0.12300000000000003,15.4,4.2,76.6,79.434,28.3,36.201,14.932999999999998,36.735,10.299000000000001,26.433000000000003,16.666000000000004,12.565999999999999,1.351,9.434999999999999,26.2,35.73100000000001,18.099,37.06699999999999,48.99100000000001,14.932999999999998,21.033000000000005,70.84299999999999,1.8009999999999997,7.700999999999999,0.635,1.9,19.234,0.1,12.565999999999999,1.165,87.801
87,75,2018-12-13,9,1,2018-2019,Coop/São José Basketball,Brasília,80.3,24.9,39.8,15.6,36.1,9.3,26.8,18.3,14.5,1.322,8.3,26.5,31.813,19.9,35.7,55.60600000000001,15.6,20.7,75.92899999999999,1.1,6.7,0.483,2.0,23.7,0.089,14.5,2.6,89.6,79.234,28.8,34.334,16.1,33.0,9.266,23.734,16.8,13.5,1.3299999999999996,9.6,27.465999999999998,35.103,17.165999999999997,33.634,51.138999999999996,16.1,22.334000000000003,72.218,0.6,6.0,0.47400000000000003,2.3,22.7,0.101,13.5,1.734,83.16600000000001
76,91,2018-12-13,9,1,2018-2019,Botafogo,Pinheiros,77.8,25.2,39.8,12.8,34.8,10.6,24.2,18.6,15.7,1.304,8.4,20.5,40.621,19.9,39.8,50.048,12.8,17.4,73.643,2.1,8.0,0.5140000000000001,1.8,23.3,0.08,15.7,2.7,88.4,80.7,32.1,36.6,12.0,34.5,10.8,23.7,14.6,11.9,1.406,10.7,30.7,34.819,18.3,35.0,52.99300000000001,12.0,15.6,76.282,1.1,8.3,0.7910000000000001,1.7,18.4,0.08800000000000001,11.9,2.2,87.5
75,88,2018-12-14,9,1,2018-2019,R10 Score Vasco da Gama,Mogi,71.05,22.65,35.5,12.9,36.3,9.45,26.85,16.15,14.3,1.166,7.55,23.6,31.641999999999996,17.75,39.3,45.04800000000001,12.9,18.5,69.93700000000001,0.7,7.15,0.5149999999999999,1.35,19.05,0.074,14.3,2.0,74.5,88.4,26.7,44.6,17.1,38.001000000000005,10.299,27.698999999999995,20.701,13.099,1.6919999999999997,8.899,24.201,36.647000000000006,22.3,39.8,56.105,17.1,23.500999999999998,72.35900000000001,1.199,7.199,0.566,3.4010000000000007,20.199,0.16800000000000004,13.099,1.8990000000000002,105.20099999999998
87,83,2018-12-15,9,1,2018-2019,Corinthians,Bauru Basket,77.2,20.55,40.3,16.35,38.2,11.65,26.55,17.5,15.2,1.2049999999999998,6.85,22.4,30.781999999999993,20.15,41.1,49.615,16.35,21.1,77.89099999999999,1.9,6.6,0.42800000000000005,1.45,23.65,0.06100000000000001,15.2,2.1,84.3,74.36800000000001,25.0,33.6,15.768,38.266,9.668000000000001,28.601,15.931999999999999,13.699000000000002,1.249,8.333,25.499000000000002,32.919,16.8,34.601000000000006,48.218,15.768,21.166,74.68,1.168,5.301,0.414,1.8,21.899,0.07999999999999999,13.699000000000002,3.067,81.4
80,91,2018-12-15,9,1,2018-2019,Minas,Flamengo,78.00099999999999,27.4,35.934000000000005,14.666999999999998,36.33500000000001,10.366,25.967000000000002,16.299000000000003,12.899000000000001,1.2930000000000001,9.135000000000002,26.1,34.77400000000001,17.966,37.233,48.35600000000001,14.666999999999998,20.667,70.902,1.734,7.934,0.6379999999999999,1.8,19.201000000000004,0.095,12.899000000000001,1.2650000000000001,84.934,81.098,26.7,40.79899999999999,13.599,40.79899999999999,12.901,27.901,19.901,13.3,1.5749999999999997,8.9,28.5,31.726,20.401,38.699,53.09599999999999,13.599,17.000999999999998,79.184,0.7,7.8,0.6449999999999999,1.402,19.6,0.07,13.3,1.8990000000000002,96.301
83,82,2018-12-15,9,1,2018-2019,Paulistano,Brasília,82.25,29.7,35.8,16.75,42.45,12.85,29.6,17.1,14.0,1.2600000000000002,9.9,29.3,34.25600000000001,17.9,35.8,49.464999999999996,16.75,23.1,72.46700000000001,3.2,6.4,0.4669999999999999,2.4,21.2,0.11699999999999999,14.0,2.15,92.85,79.35099999999998,29.55,34.601000000000006,15.2,32.65,8.699,23.951000000000004,17.65,12.85,1.4679999999999995,9.85,28.398999999999994,34.92100000000001,17.298999999999996,33.351000000000006,51.904999999999994,15.2,21.351000000000006,71.451,0.55,6.35,0.531,2.2,22.1,0.09999999999999999,12.85,1.8009999999999997,84.49900000000001
80,95,2018-12-18,9,1,2018-2019,Joinville / AABJ,Sesi Franca,79.5,33.9,34.6,11.0,34.2,10.8,23.4,15.1,12.0,1.3969999999999998,11.3,29.7,37.760000000000005,17.3,34.9,49.88000000000001,11.0,16.9,64.113,1.0,6.7,0.616,2.3,20.8,0.10599999999999998,12.0,1.9,83.8,89.75,32.4,41.2,16.15,34.0,7.35,26.65,17.6,11.55,1.555,10.8,28.45,37.474,20.6,32.4,63.857000000000006,16.15,19.0,84.77399999999999,2.5,5.5,0.49700000000000005,1.65,17.25,0.098,11.55,1.75,104.45
82,78,2019-01-05,1,2,2018-2019,Paulistano,Corinthians,83.13300000000001,30.3,35.6,17.233,43.132999999999996,13.267,29.867,17.367,14.332999999999998,1.254,10.1,29.567,34.59700000000001,17.8,35.567,49.553000000000004,17.233,23.7,72.634,3.2670000000000003,6.1,0.43599999999999994,2.367,21.2,0.11499999999999999,14.332999999999998,2.2,93.86699999999999,76.5,20.3,39.333,16.867,38.1,11.533,26.567,17.032999999999998,15.233,1.166,6.767,22.833,29.594,19.667,40.833,48.74,16.867,21.532999999999998,78.66799999999999,2.1,7.1,0.465,1.467,23.467000000000002,0.06200000000000001,15.233,2.1,82.86699999999999
88,82,2019-01-07,1,2,2018-2019,Mogi,Coop/São José Basketball,87.6,25.5,45.5,16.6,37.95100000000001,10.099,27.849,21.051,13.499,1.6810000000000003,8.498999999999999,23.801,35.45700000000001,22.75,39.95,56.95899999999999,16.6,23.101,71.615,1.199,7.249,0.5579999999999999,3.401,19.449,0.17700000000000002,13.499,2.0490000000000004,104.501,81.05,24.9,40.2,15.95,36.65,10.05,26.6,19.1,14.85,1.3439999999999999,8.3,25.85,32.506,20.1,36.1,55.623000000000005,15.95,21.1,76.227,1.1,6.45,0.45099999999999996,1.85,23.8,0.082,14.85,2.45,91.35
97,82,2019-01-08,1,2,2018-2019,Corinthians,Minas,76.5,20.05,38.965999999999994,17.484,37.4,11.416,25.984,17.215999999999998,15.016000000000002,1.195,6.684,22.615999999999996,29.547000000000004,19.484,40.815999999999995,48.272999999999996,17.484,22.415999999999997,78.038,2.25,7.4,0.4960000000000001,1.384,23.384000000000004,0.05900000000000001,15.016000000000002,2.15,82.53399999999999,77.15099999999998,26.0,35.767,15.384,35.668000000000006,10.333,25.334000000000003,16.049,13.399000000000001,1.2320000000000002,8.668000000000001,25.4,33.94,17.883,37.215999999999994,48.134,15.384,21.634000000000004,70.86099999999999,1.7670000000000001,8.067,0.6289999999999999,1.8,20.051000000000005,0.09,13.399000000000001,1.482,82.667
82,88,2019-01-09,1,2,2018-2019,R10 Score Vasco da Gama,Bauru Basket,71.5,22.5,35.6,13.4,37.9,10.3,27.6,16.3,14.5,1.156,7.5,24.3,30.587,17.8,39.9,44.54700000000001,13.4,19.0,70.77000000000001,0.6,7.0,0.493,1.3,19.2,0.07,14.5,1.8,75.0,75.201,24.45,34.3,16.451,38.549,9.651,28.901,15.849,13.799000000000001,1.231,8.15,25.349,32.414,17.15,34.951,48.706,16.451,22.149,74.73599999999999,1.151,5.601,0.433,2.0,22.149,0.089,13.799000000000001,3.15,82.5
65,77,2019-01-09,1,2,2018-2019,Fortaleza B. C. / CFO,Paulistano,72.05,23.55,39.4,9.1,39.85,12.8,27.05,13.0,15.0,0.9360000000000002,7.85,24.15,32.22,19.7,38.95,50.831999999999994,9.1,15.6,58.96299999999999,2.25,7.3,0.509,2.2,19.5,0.11099999999999999,15.0,4.15,77.15,84.16600000000001,31.95,35.5,16.716,42.715999999999994,13.084,29.634000000000004,17.784000000000002,14.565999999999997,1.267,10.65,29.584000000000003,36.32299999999999,17.75,34.884,50.429,16.716,22.95,72.84599999999998,3.184,5.75,0.40599999999999997,2.5840000000000005,20.95,0.12599999999999997,14.565999999999997,2.2,95.88399999999999
84,90,2019-01-10,1,2,2018-2019,Joinville / AABJ,Mogi,81.1,35.4,35.0,10.7,34.4,11.3,23.1,14.6,12.0,1.3639999999999999,11.8,30.5,38.514,17.5,36.5,48.003,10.7,16.4,64.74799999999999,1.0,7.6,0.676,2.5,22.1,0.11399999999999999,12.0,2.1,84.7,88.55,24.6,46.8,17.15,38.751,10.149,28.599,21.351,13.649000000000001,1.6880000000000002,8.199,23.351,34.785,23.4,40.6,57.645999999999994,17.15,23.851,71.78099999999999,1.299,7.199,0.552,3.851,19.799,0.199,13.649000000000001,2.099,106.701
87,75,2019-01-10,1,2,2018-2019,Pinheiros,Minas,81.25,31.95,36.1,13.2,35.2,11.5,23.7,14.9,12.55,1.38,10.65,30.7,34.663,18.05,35.15,51.867000000000004,13.2,17.35,76.22200000000001,1.1,8.35,0.7630000000000001,1.6,19.1,0.082,12.55,2.55,87.35,76.301,24.6,35.6,16.101,35.001000000000005,10.3,24.701000000000004,15.799000000000001,13.899000000000001,1.171,8.201,24.7,33.106,17.8,37.199,47.912000000000006,16.101,22.601000000000006,70.82000000000001,1.8,8.2,0.6199999999999999,1.8,20.901,0.08499999999999999,13.899000000000001,1.6990000000000003,80.4
71,97,2019-01-11,1,2,2018-2019,Brasília,Paulistano,78.40099999999998,29.7,34.601000000000006,14.1,32.4,8.199,24.201000000000004,17.5,12.6,1.472,9.9,28.598999999999997,34.853,17.299,33.301,51.96999999999999,14.1,20.201000000000004,70.226,0.6,6.3,0.534,2.5,21.7,0.11699999999999999,12.6,2.001,83.49900000000001,85.19900000000001,33.6,35.4,16.199000000000005,42.29899999999999,12.901,29.401000000000003,18.201000000000004,14.799000000000001,1.2799999999999998,11.2,29.601000000000006,38.04899999999999,17.7,34.20100000000001,51.30499999999999,16.199000000000005,22.2,73.05799999999999,3.1010000000000004,5.4,0.376,2.8010000000000006,20.7,0.13699999999999996,14.799000000000001,2.2,97.90099999999998
74,80,2019-01-11,1,2,2018-2019,Botafogo,Bauru Basket,76.85,24.3,40.2,12.35,34.0,10.15,23.85,17.9,15.85,1.2180000000000002,8.1,20.9,39.057,20.1,38.9,51.604,12.35,18.1,69.28099999999999,1.9,8.25,0.5290000000000001,1.7,24.0,0.07300000000000002,15.85,3.0,85.3,74.301,24.15,33.9,16.250999999999998,38.299,9.251000000000001,29.051,16.099,13.849,1.246,8.05,25.499000000000002,31.753000000000004,16.95,34.150999999999996,49.346,16.250999999999998,22.149,74.03399999999999,1.101,6.2509999999999994,0.48200000000000004,2.15,21.949,0.097,13.849,2.95,82.5
68,91,2019-01-12,1,2,2018-2019,Corinthians,Flamengo,76.5,19.8,38.599,18.101000000000006,36.7,11.299,25.401000000000003,17.398999999999994,14.799000000000001,1.2240000000000002,6.601000000000001,22.398999999999994,29.500000000000007,19.301000000000005,40.79899999999999,47.806,18.101000000000006,23.298999999999996,77.40800000000002,2.4,7.7,0.527,1.301,23.301000000000005,0.05600000000000001,14.799000000000001,2.2,82.201,82.66499999999999,27.3,41.199,14.166,40.599000000000004,12.501000000000001,28.101,20.000999999999998,13.3,1.581,9.1,28.067,33.56,20.601,38.166,54.25599999999999,14.166,17.701,79.50500000000001,1.0,7.567,0.631,1.2349999999999999,19.567,0.06200000000000001,13.3,1.6990000000000003,98.601
82,74,2019-01-12,1,2,2018-2019,Sesi Franca,Fortaleza B. C. / CFO,89.4,30.9,42.0,16.5,33.1,7.0,26.1,17.0,11.4,1.525,10.3,27.4,37.166,21.0,32.6,64.71799999999999,16.5,19.4,85.131,2.3,5.7,0.5199999999999999,1.6,16.8,0.097,11.4,2.1,103.6,70.8,22.5,38.9,9.4,39.55,12.55,27.0,12.45,15.2,0.8640000000000001,7.5,23.5,31.660999999999994,19.45,39.35,49.556999999999995,9.4,15.85,60.019000000000005,2.05,7.4,0.507,2.35,19.55,0.118,15.2,4.05,74.8
81,92,2019-01-14,2,2,2018-2019,Joinville / AABJ,R10 Score Vasco da Gama,81.9,34.8,36.5,10.6,34.9,11.45,23.45,14.45,12.05,1.3489999999999998,11.6,30.7,37.547000000000004,18.25,37.15,49.17,10.6,15.95,65.89500000000001,1.05,7.6,0.674,2.8,22.65,0.125,12.05,2.1,86.1,73.75,22.8,37.3,13.65,38.4,10.8,27.6,16.4,14.55,1.1589999999999998,7.6,24.2,31.104000000000003,18.65,40.6,45.86800000000001,13.65,18.8,72.308,0.45,7.1,0.49800000000000005,1.2,19.1,0.066,14.55,1.8,78.55
81,73,2019-01-14,2,2,2018-2019,Pinheiros,Flamengo,81.15,32.1,35.2,13.85,36.0,11.9,24.1,15.05,12.6,1.389,10.7,30.0,35.869,17.6,35.9,49.31100000000001,13.85,18.5,75.569,1.05,8.0,0.7270000000000001,1.7,19.5,0.086,12.6,2.7,86.95,83.582,27.15,41.499,14.932999999999998,40.799,12.601,28.201,19.651,13.1,1.5719999999999998,9.05,27.934000000000005,33.54,20.750999999999998,37.632999999999996,55.28799999999999,14.932999999999998,18.601,80.053,0.95,7.184,0.6119999999999999,1.168,19.684,0.05900000000000001,13.1,1.499,99.751
82,71,2019-01-14,2,2,2018-2019,Bauru Basket,Fortaleza B. C. / CFO,73.201,24.9,32.6,15.700999999999999,37.999,8.800999999999998,29.201,16.899,13.899000000000001,1.3029999999999997,8.3,25.699,32.423,16.3,32.900999999999996,49.337,15.700999999999999,21.499000000000002,73.763,1.101,6.800999999999999,0.524,2.1,21.399,0.097,13.899000000000001,2.6,83.1,69.15,21.75,38.2,9.2,39.5,12.5,27.0,12.45,15.15,0.8720000000000001,7.25,23.45,30.84499999999999,19.1,39.7,48.090999999999994,9.2,15.65,59.19499999999999,1.7,7.6,0.5309999999999999,2.5,19.5,0.12599999999999997,15.15,3.9,72.6
76,80,2019-01-15,2,2,2018-2019,Brasília,Mogi,77.101,29.25,34.401,13.45,31.4,7.2989999999999995,24.101000000000006,16.75,12.4,1.4239999999999997,9.75,28.248999999999995,34.732000000000006,17.199,32.551,52.9,13.45,19.151,70.74499999999999,0.6,6.3,0.542,2.3,21.4,0.11000000000000001,12.4,1.9509999999999998,81.699,88.25,24.75,46.3,17.2,39.551,9.949000000000002,29.599,20.701,13.249,1.6740000000000002,8.248999999999999,22.851,36.089999999999996,23.15,40.55,57.036,17.2,24.051,71.365,1.349,6.899000000000001,0.544,3.8009999999999997,19.749000000000002,0.196,13.249,1.999,106.801
75,80,2019-01-16,2,2,2018-2019,Minas,Coop/São José Basketball,77.801,25.35,36.0,16.451,36.101000000000006,11.15,24.951,16.949,14.149000000000001,1.238,8.451,25.2,33.53,18.0,37.29899999999999,48.269000000000005,16.451,23.301,70.42699999999999,1.9,8.15,0.605,1.75,20.651,0.083,14.149000000000001,1.749,83.3,81.75,24.45,41.0,16.3,35.6,9.85,25.75,19.7,15.1,1.363,8.15,24.95,32.928000000000004,20.5,35.9,57.227,16.3,21.25,77.243,1.0,6.55,0.44499999999999995,1.65,24.1,0.07300000000000001,15.1,2.25,92.8
77,80,2019-01-16,2,2,2018-2019,Corinthians,Pinheiros,77.1,20.4,39.199,17.500999999999998,39.2,12.299,26.901000000000003,17.899,13.799000000000001,1.379,6.801,22.998999999999995,29.557000000000006,19.601000000000006,41.599,47.681,17.500999999999998,22.798999999999996,76.49000000000001,2.3,6.8,0.503,2.001,24.201000000000004,0.08,13.799000000000001,2.3,85.60099999999998,81.55,32.85,34.7,14.0,36.4,11.9,24.5,14.8,12.45,1.3840000000000001,10.95,29.75,37.214,17.35,36.15,48.293000000000006,14.0,19.1,74.226,0.95,7.75,0.7120000000000002,1.5,19.4,0.077,12.45,2.7,86.8
78,84,2019-01-17,2,2,2018-2019,R10 Score Vasco da Gama,Sesi Franca,76.0,23.1,39.0,13.9,38.9,11.3,27.6,16.5,14.6,1.1619999999999997,7.7,24.1,31.621000000000002,19.5,41.3,47.18900000000001,13.9,18.6,73.846,0.3,7.2,0.503,1.1,19.0,0.062,14.6,1.8,82.1,87.55,30.3,41.1,16.15,33.25,7.0,26.25,16.75,11.5,1.4869999999999999,10.1,27.6,36.190000000000005,20.55,32.2,63.98100000000001,16.15,19.4,83.381,2.05,5.75,0.5199999999999999,1.55,16.9,0.09299999999999999,11.5,2.0,100.7
60,73,2019-01-17,2,2,2018-2019,Fortaleza B. C. / CFO,Mogi,67.95,21.45,37.9,8.6,38.6,12.35,26.25,12.6,14.2,0.961,7.15,23.95,29.859999999999996,18.95,39.4,48.08200000000001,8.6,15.1,57.125,1.45,7.85,0.586,2.4,19.2,0.124,14.2,3.35,71.25,86.3,24.0,46.0,16.3,39.400999999999996,10.199000000000002,29.199,20.000999999999998,12.699000000000002,1.6670000000000003,7.9990000000000006,22.101,36.61,23.0,41.0,55.89300000000001,16.3,23.000999999999998,70.609,1.299,6.899000000000001,0.5560000000000002,3.3009999999999997,19.499000000000002,0.169,12.699000000000002,1.8990000000000002,104.101
96,83,2019-01-18,2,2,2018-2019,Flamengo,Coop/São José Basketball,84.499,27.0,41.799,15.7,40.999,12.700999999999999,28.301,19.301,12.9,1.5629999999999997,9.0,27.801,33.52,20.901,37.1,56.32000000000001,15.7,19.500999999999998,80.601,0.9,6.800999999999999,0.5929999999999999,1.101,19.801,0.05600000000000001,12.9,1.299,100.901,84.2,24.0,42.8,17.4,33.4,8.9,24.5,20.6,14.8,1.4380000000000002,8.0,24.4,33.016000000000005,21.4,35.9,60.13099999999999,17.4,22.5,78.33099999999999,1.1,7.1,0.487,1.5,24.4,0.066,14.8,2.2,95.8
69,71,2019-01-19,2,2,2018-2019,Botafogo,Sesi Franca,75.4,22.8,40.8,11.8,33.2,10.0,23.2,17.2,15.9,1.144,7.6,20.8,37.226000000000006,20.4,38.3,52.989,11.8,17.5,68.934,1.7,8.3,0.531,1.5,24.1,0.06300000000000001,15.9,3.0,82.8,85.7,29.7,40.2,15.8,33.4,7.0,26.4,16.5,11.6,1.449,9.9,27.8,35.214000000000006,20.1,31.8,63.24400000000001,15.8,19.4,81.631,1.8,5.8,0.5199999999999999,1.5,17.0,0.089,11.6,1.9,97.8
80,89,2019-01-19,2,2,2018-2019,Joinville / AABJ,Minas,82.7,34.2,38.0,10.5,35.4,11.6,23.8,14.3,12.1,1.3339999999999999,11.4,30.9,36.58,19.0,37.8,50.337,10.5,15.5,67.042,1.1,7.6,0.6719999999999999,3.1,23.2,0.13599999999999998,12.1,2.1,87.5,79.301,26.1,36.4,16.801,37.20100000000001,12.0,25.201,18.099,14.399000000000001,1.3050000000000002,8.701,25.7,33.954,18.2,37.398999999999994,48.626000000000005,16.801,24.000999999999998,70.03399999999999,2.0,8.1,0.5900000000000001,1.7,20.401,0.081,14.399000000000001,1.7990000000000002,86.2
65,64,2019-01-21,3,2,2018-2019,Mogi,Minas,84.55,23.45,45.7,15.4,40.384,11.116,29.266,19.434,12.366,1.6639999999999997,7.816,22.234,35.68900000000001,22.85,42.2,54.20399999999999,15.4,21.884,70.203,1.316,6.566,0.547,3.3840000000000003,19.016,0.17700000000000002,12.366,1.766,101.434,76.001,24.9,35.8,15.300999999999998,38.301,12.4,25.901,16.499000000000002,14.199000000000002,1.21,8.301,25.5,32.632000000000005,17.9,37.999,47.289,15.300999999999998,22.201,67.441,1.7,8.4,0.616,1.9,19.701,0.10200000000000001,14.199000000000002,1.8990000000000002,82.3
75,76,2019-01-22,3,2,2018-2019,Bauru Basket,Brasília,74.334,25.8,32.4,16.134,37.465999999999994,9.034,28.434000000000005,16.766,13.666,1.313,8.6,25.965999999999998,33.147000000000006,16.2,32.534000000000006,49.534,16.134,22.366,72.821,0.9339999999999999,6.734,0.526,2.0,21.266,0.09300000000000001,13.666,2.4,83.5,75.801,28.2,35.20100000000001,12.4,31.2,6.699,24.500999999999998,16.7,12.7,1.3930000000000002,9.4,26.898999999999994,35.059000000000005,17.599,32.601000000000006,53.914,12.4,18.201,68.47,0.5,6.3,0.533,2.3,21.0,0.11200000000000002,12.7,1.8009999999999997,81.099
78,69,2019-01-22,3,2,2018-2019,Botafogo,Fortaleza B. C. / CFO,74.05,22.35,39.7,12.0,32.45,10.1,22.35,16.7,14.85,1.1749999999999998,7.45,21.05,35.977000000000004,19.85,38.4,51.46,12.0,17.8,68.82300000000001,1.6,7.7,0.525,1.5,24.15,0.062,14.85,2.9,79.5,67.6,21.45,37.8,8.35,38.15,12.4,25.75,12.4,14.05,0.9559999999999998,7.15,24.2,29.511999999999993,18.9,38.9,48.606,8.35,14.9,56.33,1.25,7.7,0.5800000000000001,2.15,18.9,0.11400000000000002,14.05,3.3,70.15
85,91,2019-01-23,3,2,2018-2019,Paulistano,Pinheiros,85.49900000000001,33.0,35.8,16.699,42.79899999999999,13.200999999999999,29.601000000000006,18.101000000000006,15.299000000000001,1.207,11.0,30.401000000000003,36.687999999999995,17.9,34.001000000000005,52.263,16.699,22.5,74.131,3.2010000000000005,5.4,0.35900000000000004,2.8010000000000006,21.4,0.13599999999999995,15.299000000000001,2.0,97.50099999999999,81.9,33.6,33.8,14.5,37.0,12.0,25.0,14.65,12.8,1.347,11.2,29.95,37.827000000000005,16.9,35.55,47.782000000000004,14.5,20.1,73.24599999999998,0.8,7.5,0.683,1.15,19.8,0.06,12.8,2.6,86.4
77,79,2019-01-24,3,2,2018-2019,R10 Score Vasco da Gama,Fortaleza B. C. / CFO,76.7,24.3,38.8,13.6,39.4,11.1,28.3,16.2,14.6,1.142,8.1,23.8,33.611000000000004,19.4,41.3,46.93300000000001,13.6,18.2,73.811,0.3,7.2,0.503,1.1,19.5,0.06000000000000001,14.6,1.9,83.7,69.0,22.5,38.3,8.2,37.95,12.15,25.8,12.65,14.15,0.9669999999999999,7.5,24.9,30.149,19.15,38.85,49.34400000000001,8.2,14.45,57.153999999999996,1.25,7.2,0.5480000000000002,2.1,18.9,0.11100000000000002,14.15,3.45,71.2
50,89,2019-01-24,3,2,2018-2019,Joinville / AABJ,Flamengo,80.5,33.9,36.6,10.0,34.7,11.3,23.4,13.6,12.8,1.177,11.3,31.0,36.153999999999996,18.3,37.1,49.223,10.0,14.4,68.029,1.0,7.3,0.6010000000000001,3.0,22.9,0.13499999999999998,12.8,2.3,83.2,84.866,25.95,43.166,15.75,41.215999999999994,12.734,28.484,18.884,12.55,1.568,8.65,27.034000000000002,33.104,21.584,38.0,56.746,15.75,19.784,79.56199999999998,0.9,6.5840000000000005,0.5879999999999999,1.184,19.534,0.063,12.55,1.266,101.284
74,81,2019-01-26,3,2,2018-2019,Mogi,Flamengo,82.8,22.9,45.4,14.5,41.367000000000004,12.033,29.333,18.867,12.033,1.661,7.633,22.367,34.767999999999994,22.7,43.4,52.515,14.5,20.767000000000003,69.797,1.333,6.233,0.538,3.467,18.532999999999998,0.185,12.033,1.6329999999999998,98.76700000000001,85.23299999999999,24.9,44.533,15.8,41.433,12.767,28.667,18.467000000000002,12.2,1.5729999999999997,8.3,26.267000000000003,32.688,22.267000000000003,38.9,57.172000000000004,15.8,20.067,78.523,0.9,6.367,0.5829999999999999,1.267,19.267000000000003,0.06999999999999999,12.2,1.233,101.667
69,67,2019-01-26,3,2,2018-2019,Pinheiros,Botafogo,81.95,34.5,33.1,14.35,36.9,11.65,25.25,14.7,13.2,1.3210000000000002,11.5,30.0,38.792,16.55,34.4,48.218,14.35,20.45,71.61499999999998,0.7,7.35,0.6599999999999999,1.2,20.45,0.062,13.2,2.6,86.45,75.4,22.95,40.5,11.95,32.9,10.65,22.25,17.2,14.55,1.2269999999999999,7.65,21.5,36.230000000000004,20.25,38.95,51.88199999999999,11.95,17.65,69.122,1.6,7.4,0.514,1.65,23.8,0.06899999999999999,14.55,2.9,81.65
79,72,2019-01-28,4,2,2018-2019,Coop/São José Basketball,Botafogo,83.35,24.6,41.3,17.45,34.45,9.35,25.1,21.1,15.05,1.449,8.2,24.45,33.709,20.65,35.65,58.31699999999999,17.45,22.5,78.64299999999999,1.2,6.95,0.47300000000000003,1.35,23.45,0.06300000000000001,15.05,2.2,95.7,76.7,23.1,42.2,11.4,32.7,10.7,22.0,17.9,14.3,1.2889999999999997,7.7,22.3,35.394999999999996,21.1,39.1,54.068000000000005,11.4,16.8,69.47200000000001,1.7,7.2,0.5090000000000001,1.6,23.5,0.06699999999999999,14.3,3.2,83.7
77,90,2019-01-29,4,2,2018-2019,Fortaleza B. C. / CFO,Corinthians,70.7,22.8,39.4,8.5,36.5,11.3,25.2,12.8,14.3,0.97,7.6,25.0,30.516999999999996,19.7,38.5,51.44199999999999,8.5,14.7,57.94,1.2,7.3,0.549,2.0,19.0,0.10500000000000001,14.3,3.6,72.3,79.45,21.6,39.599,18.250999999999998,38.15,11.498999999999999,26.651000000000003,17.649,13.549000000000001,1.3780000000000001,7.2010000000000005,23.298999999999996,30.993000000000002,19.801,40.54899999999999,49.323,18.250999999999998,23.498999999999995,77.884,2.15,7.15,0.534,1.8509999999999998,24.701000000000004,0.072,13.549000000000001,2.15,88.50099999999999
88,85,2019-01-30,4,2,2018-2019,Minas,Paulistano,77.601,25.5,37.4,14.700999999999999,37.900999999999996,12.6,25.301,17.099,14.499,1.2239999999999998,8.501000000000001,26.0,32.717999999999996,18.7,38.199,49.146,14.700999999999999,21.101,68.02000000000001,1.8,7.6,0.537,1.8,20.401,0.09600000000000002,14.499,1.999,83.8,84.399,31.05,36.8,16.549,42.199,13.251,28.951000000000004,17.750999999999998,14.949000000000002,1.2069999999999999,10.35,30.351000000000006,34.58,18.4,34.351000000000006,53.254,16.549,22.5,73.47900000000001,3.3010000000000006,5.45,0.36800000000000005,2.7510000000000003,21.45,0.13399999999999998,14.949000000000002,2.0,95.201
84,82,2019-01-31,4,2,2018-2019,Brasília,Corinthians,76.001,26.4,36.601000000000006,13.0,32.3,7.199,25.101,15.7,13.1,1.296,8.8,26.799,32.964999999999996,18.299,33.601000000000006,54.397000000000006,13.0,18.901,69.007,0.4,6.7,0.5509999999999999,1.9,21.0,0.095,13.1,1.8009999999999997,80.199,81.8,22.8,39.998999999999995,19.000999999999998,37.1,10.699,26.401000000000003,17.399,13.299000000000001,1.377,7.601000000000001,23.599,32.429,20.000999999999998,39.498999999999995,50.964999999999996,19.000999999999998,24.198999999999995,79.27799999999999,2.0,7.5,0.565,1.7009999999999998,25.201,0.06400000000000002,13.299000000000001,2.0,91.401
95,87,2019-02-01,4,2,2018-2019,Flamengo,Paulistano,86.6,25.2,45.2,16.2,41.0,13.0,28.0,18.6,11.6,1.69,8.4,26.2,33.11,22.6,40.0,56.602999999999994,16.2,20.7,77.96000000000001,1.1,6.8,0.6729999999999999,1.2,19.4,0.067,11.6,1.0,102.9,84.949,31.95,36.7,16.299,41.748999999999995,12.701,29.051000000000005,17.750999999999998,15.099,1.196,10.65,30.401000000000003,35.553,18.35,34.051,53.561,16.299,22.2,73.345,3.2510000000000003,5.25,0.34900000000000003,2.7510000000000003,21.7,0.133,15.099,2.0,95.501
88,71,2019-02-02,4,2,2018-2019,Sesi Franca,Bauru Basket,86.15,30.0,40.1,16.05,33.4,7.6,25.8,16.3,11.95,1.389,10.0,27.6,35.88100000000001,20.05,32.2,62.394000000000005,16.05,19.5,82.473,1.65,5.9,0.5129999999999999,1.45,17.05,0.086,11.95,1.8,97.75,75.06700000000001,25.5,33.6,15.967000000000002,36.433,9.267,27.167,16.633,13.832999999999998,1.294,8.5,25.232999999999997,33.656,16.8,33.167,50.376,15.967000000000002,22.133,72.904,0.767,6.767,0.5239999999999999,1.8,21.433,0.084,13.832999999999998,2.5,83.4
67,83,2019-02-04,5,2,2018-2019,Coop/São José Basketball,Pinheiros,81.3,23.1,41.8,16.4,35.2,9.5,25.7,21.0,15.2,1.431,7.7,24.8,31.511000000000003,20.9,35.5,59.31999999999999,16.4,21.7,74.58,1.3,7.1,0.4790000000000001,1.2,23.5,0.05800000000000001,15.2,2.0,93.5,82.3,34.5,33.4,14.4,36.5,11.3,25.2,14.5,13.1,1.3130000000000002,11.5,29.3,39.779999999999994,16.7,34.1,48.958000000000006,14.4,20.9,70.46,0.6,7.6,0.688,1.4,20.1,0.075,13.1,2.5,87.5
81,92,2019-02-04,5,2,2018-2019,R10 Score Vasco da Gama,Minas,77.0,24.9,38.4,13.7,38.8,11.5,27.3,16.5,14.6,1.164,8.3,24.7,33.511,19.2,41.0,46.82800000000001,13.7,18.2,74.196,0.2,7.5,0.525,1.0,19.4,0.05499999999999999,14.6,1.9,83.4,78.301,26.7,37.4,14.200999999999999,37.601,11.7,25.901,16.999000000000002,15.599,1.1089999999999998,8.901,25.4,35.413,18.7,38.199,49.146,14.200999999999999,20.201,68.664,1.7,7.4,0.475,1.8,20.500999999999998,0.09600000000000002,15.599,2.2990000000000004,84.2
80,87,2019-02-05,5,2,2018-2019,Brasília,Fortaleza B. C. / CFO,76.751,26.1,37.400999999999996,13.25,32.65,7.499,25.151,15.5,13.65,1.2590000000000001,8.7,26.599,32.86900000000001,18.699,34.201,54.70899999999999,13.25,19.301,68.69399999999999,0.4,6.7,0.5379999999999999,2.25,21.7,0.10700000000000001,13.65,1.9509999999999998,80.549,72.3,24.15,38.8,9.35,36.55,11.4,25.15,12.35,14.45,0.9299999999999999,8.05,24.8,32.632,19.4,38.55,50.653,9.35,15.8,58.747,1.4,7.7,0.5700000000000001,1.9,19.45,0.099,14.45,3.35,73.65
79,74,2019-02-05,5,2,2018-2019,Flamengo,Sesi Franca,87.1,24.45,46.5,16.15,42.05,13.25,28.8,19.15,11.95,1.686,8.15,25.4,32.74,23.25,41.0,56.899,16.15,20.65,77.915,1.25,6.35,0.599,1.55,19.65,0.082,11.95,1.05,104.75,85.2,30.3,39.2,15.7,33.6,7.9,25.7,15.8,11.9,1.3479999999999999,10.1,27.6,36.252,19.6,32.7,60.31199999999999,15.7,19.4,80.982,1.6,6.2,0.546,1.5,17.7,0.08199999999999999,11.9,1.7,95.8
83,69,2019-02-11,6,2,2018-2019,Sesi Franca,Brasília,85.0,30.9,38.7,15.4,33.55,7.65,25.9,16.4,12.15,1.3619999999999999,10.3,27.1,37.641000000000005,19.35,32.5,59.97099999999999,15.4,19.35,79.538,1.7,5.95,0.504,1.8,17.5,0.097,12.15,1.85,96.35,77.001,25.5,38.001,13.5,33.15,8.199000000000002,24.951,15.85,14.25,1.247,8.5,26.449,32.288,18.999000000000002,34.801,54.757999999999996,13.5,19.750999999999998,68.198,0.4,6.6,0.5189999999999999,2.4,22.3,0.11200000000000002,14.25,2.401,80.449
90,88,2019-02-13,6,2,2018-2019,Mogi,R10 Score Vasco da Gama,83.05,24.15,44.9,14.0,41.25,12.0,29.25,19.3,12.05,1.6939999999999997,8.05,22.75,35.791999999999994,22.45,42.8,52.82000000000001,14.0,20.25,69.21799999999999,1.3,5.75,0.49800000000000005,3.5,18.5,0.18600000000000003,12.05,1.45,99.3,77.8,25.2,39.1,13.5,38.75,12.0,26.75,16.6,13.8,1.2639999999999998,8.4,25.0,33.397000000000006,19.55,41.55,47.045,13.5,17.85,74.615,0.3,7.6,0.578,0.85,19.1,0.048,13.8,1.85,84.75
92,70,2019-02-13,6,2,2018-2019,Pinheiros,Joinville / AABJ,83.6,34.8,34.8,14.0,36.9,11.7,25.2,15.2,12.6,1.436,11.6,29.5,39.876000000000005,17.4,35.2,49.147,14.0,20.2,71.11800000000001,1.0,7.1,0.6809999999999999,1.1,19.6,0.06300000000000001,12.6,2.6,89.4,79.25,31.05,37.5,10.7,33.95,10.7,23.25,13.05,13.8,0.9850000000000001,10.35,29.85,34.493,18.75,37.65,49.714,10.7,15.1,69.487,1.0,7.05,0.519,2.9,22.5,0.132,13.8,2.6,79.4
76,86,2019-02-13,6,2,2018-2019,Fortaleza B. C. / CFO,Coop/São José Basketball,72.8,24.3,38.4,10.1,35.4,10.6,24.8,12.2,14.7,0.9040000000000001,8.1,25.0,32.604,19.2,37.9,50.962,10.1,16.1,61.403,1.4,7.8,0.567,1.8,20.2,0.092,14.7,3.0,73.4,81.7,23.4,41.3,17.0,35.15,9.4,25.75,21.05,15.1,1.4400000000000002,7.8,24.5,32.208,20.65,35.5,58.585,17.0,22.4,74.857,1.3,7.2,0.4880000000000001,1.05,24.4,0.049,15.1,2.2,94.05
93,89,2019-02-14,6,2,2018-2019,Minas,Bauru Basket,79.98400000000001,26.65,38.3,15.034,38.634,12.45,26.184000000000005,17.266,15.866,1.109,8.884,25.5,35.239,19.15,38.416,50.068,15.034,21.084,69.299,1.75,7.2,0.45499999999999996,1.7,20.934,0.08900000000000001,15.866,2.466,86.7,77.6,26.4,34.4,16.8,35.1,9.0,26.1,17.1,13.6,1.3539999999999999,8.8,25.1,34.906,17.2,33.3,51.38399999999999,16.8,23.2,72.987,0.6,7.2,0.567,2.4,21.8,0.10600000000000001,13.6,2.2,86.7
92,83,2019-02-15,6,2,2018-2019,Corinthians,Joinville / AABJ,84.1,23.7,40.998999999999995,19.401,35.8,10.699,25.101,18.199,12.899000000000001,1.458,7.901000000000001,22.899,34.707,20.500999999999998,39.898999999999994,51.686,19.401,24.999000000000002,78.054,2.3,7.9,0.603,1.9009999999999998,25.201,0.07300000000000001,12.899000000000001,1.6,94.901,79.2,29.4,38.2,11.6,33.7,10.6,23.1,12.8,14.0,0.9570000000000001,9.8,28.8,33.839999999999996,19.1,38.5,49.463,11.6,15.8,73.16799999999999,1.1,6.9,0.5040000000000001,2.9,22.1,0.133,14.0,2.6,78.8
81,73,2019-02-15,6,2,2018-2019,Brasília,Coop/São José Basketball,78.201,25.8,38.601,13.8,34.5,9.299000000000001,25.201,16.1,14.7,1.238,8.6,26.499000000000002,32.635999999999996,19.299,35.701,54.32299999999999,13.8,20.201,68.01499999999999,0.2,6.8,0.5229999999999999,2.7,22.4,0.125,14.7,2.501,82.499,82.1,23.7,40.8,17.6,35.1,9.3,25.8,21.1,15.0,1.4490000000000003,7.9,24.2,32.905,20.4,35.5,57.85000000000001,17.6,23.1,75.13400000000001,1.3,7.3,0.497,0.9,25.3,0.04,15.0,2.4,94.6
89,91,2019-02-15,6,2,2018-2019,Mogi,Paulistano,82.85,25.95,43.5,13.4,40.5,11.55,28.95,19.65,12.3,1.6809999999999998,8.65,23.15,37.571,21.75,41.3,53.275999999999996,13.4,19.45,69.075,1.3,5.6,0.47400000000000003,3.55,18.5,0.18800000000000003,12.3,1.45,99.55,85.999,33.6,36.4,15.999,41.898999999999994,12.800999999999998,29.101,17.901,15.099,1.206,11.2,31.201,36.480999999999995,18.2,33.601000000000006,53.815999999999995,15.999,21.6,74.037,3.1010000000000004,4.7,0.30900000000000005,2.8009999999999997,22.2,0.133,15.099,2.0,96.701
86,103,2019-02-16,6,2,2018-2019,Minas,Sesi Franca,81.667,26.6,39.2,15.867,39.667,13.2,26.467000000000002,17.532999999999998,16.133,1.109,8.867,25.6,35.065000000000005,19.6,38.632999999999996,50.989999999999995,15.867,21.967000000000002,69.934,1.8,7.0,0.43499999999999994,1.6,21.367,0.082,16.133,2.633,89.2,85.1,30.6,39.3,15.2,33.5,7.6,25.9,17.1,12.3,1.401,10.2,26.65,37.994,19.65,33.65,58.757000000000005,15.2,19.05,79.73299999999999,1.65,6.45,0.5399999999999999,1.95,17.65,0.10400000000000001,12.3,1.85,97.3
54,59,2019-02-19,7,2,2018-2019,Joinville / AABJ,Botafogo,76.25,28.35,37.3,10.6,33.6,10.4,23.2,11.7,13.45,0.9039999999999999,9.45,28.55,32.821999999999996,18.65,38.3,48.379000000000005,10.6,14.7,71.47,1.25,6.8,0.5120000000000001,2.55,21.85,0.11900000000000002,13.45,2.35,74.5,74.55,22.65,40.4,11.5,33.5,11.3,22.2,16.75,14.2,1.212,7.55,22.85,34.028999999999996,20.2,38.45,52.592999999999996,11.5,16.85,69.85,1.35,6.85,0.4870000000000001,1.6,22.95,0.06999999999999999,14.2,3.1,80.05
79,74,2019-02-23,7,2,2018-2019,Botafogo,R10 Score Vasco da Gama,72.4,22.2,38.6,11.6,34.3,11.9,22.4,15.6,14.1,1.1350000000000002,7.4,23.4,32.663,19.3,37.8,51.11800000000001,11.6,16.9,70.22800000000002,1.0,6.5,0.465,1.6,22.4,0.073,14.1,3.0,76.4,77.2,23.7,39.4,14.1,39.1,12.4,26.7,17.0,13.8,1.288,7.9,24.4,32.155,19.7,42.0,46.90200000000001,14.1,18.6,74.842,0.3,7.6,0.578,0.7,19.2,0.040999999999999995,13.8,1.7,84.4
82,68,2019-02-26,8,2,2018-2019,Coop/São José Basketball,R10 Score Vasco da Gama,81.1,22.5,41.6,17.0,35.8,9.15,26.65,20.85,15.25,1.3930000000000002,7.5,24.2,30.905,20.8,35.3,59.062,17.0,22.35,74.98400000000001,1.25,7.35,0.49000000000000005,1.2,24.75,0.054000000000000006,15.25,2.3,94.5,77.85,24.15,38.6,15.1,38.1,12.45,25.65,17.05,13.65,1.3,8.05,24.45,32.808,19.3,41.95,45.95900000000001,15.1,19.85,76.67099999999999,0.25,7.4,0.57,0.6,19.55,0.033999999999999996,13.65,1.55,83.4
88,77,2019-02-26,8,2,2018-2019,Fortaleza B. C. / CFO,Joinville / AABJ,74.6,24.3,39.8,10.5,34.3,9.5,24.8,13.0,14.1,0.9889999999999999,8.1,24.5,33.7,19.9,38.1,52.44500000000001,10.5,15.6,66.176,1.3,7.8,0.5860000000000001,2.5,20.3,0.127,14.1,2.9,78.2,76.25,29.25,36.8,10.2,33.2,10.55,22.65,11.55,13.45,0.8949999999999999,9.75,29.0,33.223,18.4,38.4,47.518,10.2,14.0,72.034,1.3,7.15,0.535,2.4,21.0,0.12000000000000002,13.45,2.35,73.95
109,65,2019-02-28,8,2,2018-2019,Paulistano,R10 Score Vasco da Gama,90.499,36.6,38.0,15.899000000000001,41.898999999999994,12.201,29.701,19.601,14.699000000000002,1.3819999999999997,12.2,31.601,38.856,19.0,33.900999999999996,55.99300000000001,15.899000000000001,21.1,75.704,2.901,4.7,0.32600000000000007,2.8009999999999997,22.1,0.133,14.699000000000002,1.9,104.801,77.5,22.95,39.1,15.45,37.65,12.3,25.35,16.9,14.15,1.242,7.65,24.15,31.487999999999992,19.55,41.8,46.736000000000004,15.45,20.65,75.1,0.3,7.35,0.5469999999999999,0.55,19.95,0.03,14.15,1.75,81.65
68,75,2019-02-28,8,2,2018-2019,Bauru Basket,Pinheiros,78.25,26.1,36.5,15.65,34.2,8.2,26.0,16.75,13.25,1.347,8.7,25.4,34.179,18.25,33.7,53.886,15.65,21.8,72.273,0.75,7.35,0.584,2.65,22.0,0.11800000000000002,13.25,2.15,87.4,82.15,33.3,34.3,14.55,37.65,12.2,25.45,15.05,13.65,1.154,11.1,28.8,38.919000000000004,17.15,35.0,48.79299999999999,14.55,20.95,70.77400000000002,1.2,7.3,0.55,1.2,19.4,0.06900000000000002,13.65,3.1,87.75
98,90,2019-02-28,8,2,2018-2019,Brasília,Joinville / AABJ,79.834,25.5,40.734,13.6,35.8,9.966,25.834000000000003,16.6,15.4,1.177,8.5,25.566,33.568,20.366,37.434000000000005,54.47099999999999,13.6,19.734,68.741,0.4,6.5,0.46799999999999997,2.7,22.3,0.12500000000000003,15.4,2.434,85.366,75.75,29.4,35.8,10.55,33.35,10.55,22.8,11.55,14.05,0.836,9.8,29.15,33.18,17.9,37.95,46.741,10.55,14.3,72.89500000000001,1.3,7.5,0.5369999999999999,2.5,20.0,0.132,14.05,2.55,73.35
90,79,2019-02-28,8,2,2018-2019,Corinthians,Mogi,84.6,24.0,41.299,19.301,35.4,10.449,24.951,18.349,13.049000000000001,1.453,8.001000000000001,23.099,34.867,20.651,39.749,52.237,19.301,24.199,79.976,2.05,8.35,0.6299999999999999,1.9509999999999998,24.301,0.079,13.049000000000001,1.65,96.401,81.6,25.8,43.0,12.8,40.1,11.5,28.6,19.7,13.0,1.6,8.6,23.4,37.11299999999999,21.5,40.9,53.21900000000001,12.8,18.4,70.03,1.5,5.8,0.46099999999999997,3.9,18.3,0.20800000000000002,13.0,1.6,98.1
67,73,2019-03-01,8,2,2018-2019,Botafogo,Flamengo,71.6,22.05,38.3,11.25,34.15,12.1,22.05,15.25,13.0,1.278,7.35,24.55,30.790999999999997,19.15,37.75,50.806000000000004,11.25,16.5,69.70700000000001,0.95,6.6,0.5810000000000001,1.75,22.1,0.081,13.0,2.85,75.25,87.0,25.5,45.4,16.1,43.2,13.6,29.6,19.3,13.2,1.591,8.5,24.9,34.341,22.7,39.9,56.959999999999994,16.1,20.5,78.275,1.3,5.4,0.48,1.6,19.7,0.084,13.2,1.3,105.3
93,78,2019-03-02,8,2,2018-2019,Sesi Franca,Pinheiros,85.2,30.0,40.0,15.2,33.5,7.4,26.1,17.4,12.9,1.3679999999999999,10.0,26.4,37.661,20.0,33.9,59.363000000000014,15.2,19.0,79.928,1.6,6.8,0.549,2.1,17.9,0.11000000000000001,12.9,1.9,97.9,81.7,31.65,34.9,15.15,37.25,11.7,25.55,14.85,13.6,1.144,10.55,27.5,38.49,17.45,35.45,48.977,15.15,21.7,70.885,1.2,7.45,0.5619999999999999,1.2,19.35,0.06900000000000002,13.6,3.3,87.35
83,60,2019-03-04,9,2,2018-2019,Sesi Franca,Corinthians,85.6,31.2,39.4,15.0,33.6,8.0,25.6,17.9,12.3,1.478,10.4,27.3,38.28,19.7,34.4,57.952999999999996,15.0,18.8,79.826,1.2,8.3,0.71,2.3,17.8,0.123,12.3,1.8,99.8,83.15,23.85,40.599000000000004,18.701,34.45,9.649,24.801,17.549,13.599,1.367,7.950999999999999,22.949,34.839,20.301,38.799,52.633,18.701,22.949,81.31,1.95,8.3,0.6179999999999999,2.101,23.500999999999998,0.089,13.599,1.5,94.051
79,62,2019-03-06,9,2,2018-2019,Botafogo,Minas,72.0,22.95,37.6,11.45,34.95,12.55,22.4,15.35,12.55,1.3239999999999998,7.65,25.5,30.394,18.8,37.45,50.277,11.45,16.7,70.019,0.9,6.45,0.585,1.65,21.7,0.077,12.55,2.75,76.05,80.5,25.5,39.8,15.2,39.65,13.2,26.45,17.25,16.5,1.075,8.5,25.0,34.236000000000004,19.9,38.8,51.58399999999999,15.2,21.35,68.048,1.95,6.9,0.418,1.8,21.7,0.08900000000000001,16.5,2.55,87.85
78,94,2019-03-07,9,2,2018-2019,R10 Score Vasco da Gama,Brasília,78.3,21.6,40.6,16.1,37.8,12.5,25.3,17.4,14.6,1.23,7.2,24.0,29.784,20.3,42.0,48.305,16.1,21.7,74.091,0.4,7.1,0.5119999999999999,0.7,20.1,0.038,14.6,1.8,82.4,79.617,24.45,41.067,14.1,36.7,10.233,26.467000000000002,15.85,15.7,1.0690000000000002,8.15,24.633,33.25,20.532999999999998,38.067,54.008,14.1,20.267000000000003,69.275,0.45,6.3,0.43200000000000005,2.85,22.9,0.12800000000000003,15.7,2.367,84.98299999999999
92,81,2019-03-07,9,2,2018-2019,Bauru Basket,Corinthians,81.3,27.0,39.0,15.3,34.0,8.1,25.9,17.0,12.5,1.426,9.0,25.7,35.052,19.5,35.1,55.30899999999999,15.3,21.2,73.083,0.9,7.5,0.618,2.6,22.7,0.11400000000000002,12.5,2.0,91.5,81.5,23.4,40.199,17.901,34.3,9.499,24.801,16.699,14.399000000000001,1.242,7.800999999999999,22.799,34.394999999999996,20.101,38.699,52.206,17.901,22.299,80.218,2.0,8.2,0.594,2.3009999999999997,23.401,0.099,14.399000000000001,1.5,90.501
78,71,2019-03-08,9,2,2018-2019,Pinheiros,Mogi,81.4,30.9,35.2,15.3,37.4,10.8,26.6,15.3,13.4,1.1949999999999998,10.3,27.3,37.959,17.6,34.9,50.456999999999994,15.3,22.4,68.71400000000001,1.2,7.0,0.5359999999999998,1.5,19.4,0.085,13.4,3.1,87.8,79.9,24.6,42.4,12.9,39.3,11.2,28.1,18.7,13.2,1.451,8.2,23.3,35.777,21.2,40.9,52.504999999999995,12.9,18.3,71.44,1.5,6.3,0.499,3.4,18.4,0.181,13.2,1.7,94.1
79,65,2019-03-09,9,2,2018-2019,Botafogo,Brasília,72.3,24.0,37.0,11.3,35.4,12.7,22.7,15.4,11.7,1.387,8.0,26.3,30.598999999999997,18.5,37.6,49.254000000000005,11.3,16.5,70.01899999999999,0.9,6.2,0.5930000000000002,1.6,22.1,0.07300000000000001,11.7,2.6,76.5,79.4,23.4,41.4,14.6,37.6,10.5,27.1,15.1,16.0,0.961,7.8,23.7,32.932,20.7,38.7,53.545,14.6,20.8,69.80900000000001,0.5,6.1,0.396,3.0,23.5,0.131,16.0,2.3,84.6
82,60,2019-03-09,9,2,2018-2019,Flamengo,Minas,85.0,24.9,44.8,15.3,44.6,14.3,30.3,18.0,13.4,1.473,8.3,24.8,33.787,22.4,41.4,54.346000000000004,15.3,19.9,76.717,1.4,5.9,0.507,1.8,19.8,0.094,13.4,1.4,101.8,78.75,24.9,40.3,13.55,39.9,13.3,26.6,16.85,16.7,1.044,8.3,25.0,33.284000000000006,20.15,39.15,51.765,13.55,19.4,66.262,2.0,6.9,0.413,1.9,21.15,0.096,16.7,2.35,85.9
87,84,2019-03-11,10,2,2018-2019,Joinville / AABJ,Coop/São José Basketball,75.6,28.8,35.9,10.9,34.05,10.45,23.6,11.5,14.45,0.7869999999999998,9.6,29.65,32.017,17.95,37.65,47.294000000000004,10.9,14.85,72.776,1.3,7.85,0.5469999999999999,2.4,19.85,0.128,14.45,2.55,73.15,79.833,23.3,40.333,16.2,35.533,8.967,26.567,20.133,15.832999999999998,1.2800000000000002,7.767,24.732999999999997,31.221000000000004,20.167,34.333,58.75300000000001,16.2,21.267000000000003,75.07,1.267,7.367,0.471,1.167,24.267000000000003,0.053000000000000005,15.832999999999998,2.2670000000000003,92.0
80,72,2019-03-12,10,2,2018-2019,Flamengo,Bauru Basket,85.25,26.1,43.9,15.25,44.65,14.0,30.65,17.55,13.85,1.361,8.7,25.25,34.54600000000001,21.95,40.55,54.492000000000004,15.25,20.0,76.04599999999999,1.4,6.35,0.5189999999999999,1.65,19.9,0.08600000000000001,13.85,1.5,101.7,80.55,26.85,38.2,15.5,32.75,7.7,25.05,16.55,12.4,1.4020000000000001,8.95,26.5,33.931,19.1,34.6,54.879999999999995,15.5,21.1,74.14500000000001,0.75,7.9,0.6539999999999999,2.45,22.25,0.10900000000000001,12.4,1.85,88.95
79,81,2019-03-14,10,2,2018-2019,Fortaleza B. C. / CFO,Pinheiros,75.55,22.65,41.8,11.1,34.45,9.5,24.95,13.6,14.1,1.039,7.55,23.75,31.478,20.9,38.85,53.76500000000001,11.1,16.3,66.652,1.35,8.0,0.603,2.5,21.1,0.12300000000000003,14.1,3.05,80.45,80.6,30.6,34.8,15.2,37.4,10.65,26.75,15.25,13.45,1.19,10.2,26.65,38.443000000000005,17.4,35.05,49.588,15.2,22.1,69.12500000000001,1.2,6.7,0.5169999999999999,1.55,19.0,0.08800000000000001,13.45,2.85,87.05
74,83,2019-03-14,10,2,2018-2019,Coop/São José Basketball,Bauru Basket,79.066,23.5,38.866,16.7,35.366,9.334,26.034000000000002,19.565999999999995,15.965999999999998,1.236,7.8340000000000005,24.766,31.437,19.434000000000005,34.465999999999994,56.323000000000015,16.7,21.934000000000005,75.005,1.134,7.634,0.484,1.034,24.434000000000005,0.046000000000000006,15.965999999999998,2.0340000000000003,89.5,80.0,27.3,37.0,15.7,32.3,7.3,25.0,16.1,12.9,1.2710000000000001,9.1,26.9,34.051,18.5,33.8,54.354,15.7,21.4,74.018,0.9,8.5,0.6659999999999999,2.4,22.0,0.10800000000000001,12.9,1.9,87.5
87,97,2019-03-15,10,2,2018-2019,Joinville / AABJ,Paulistano,75.9,28.2,36.2,11.5,34.8,10.3,24.5,12.0,14.3,0.8309999999999998,9.4,29.6,31.505000000000003,18.1,37.0,48.491,11.5,15.9,71.66499999999999,1.2,7.1,0.5029999999999999,2.3,19.6,0.12400000000000003,14.3,2.4,74.2,90.599,36.15,38.7,15.749,42.449,12.751000000000001,29.701,18.551,15.249,1.27,12.05,32.251,37.471000000000004,19.35,34.400999999999996,56.13100000000001,15.749,20.75,76.102,2.651,5.05,0.3370000000000001,2.401,22.2,0.11300000000000002,15.249,1.85,102.951
89,72,2019-03-15,10,2,2018-2019,Mogi,Botafogo,79.9,25.5,41.3,13.1,38.75,10.8,27.95,18.85,13.2,1.459,8.5,23.9,36.219,20.65,39.75,52.976,13.1,18.1,72.85,1.5,6.05,0.48500000000000004,2.8,18.75,0.15,13.2,1.85,93.6,72.1,23.1,37.2,11.8,35.3,13.3,22.0,15.0,11.9,1.3399999999999999,7.7,25.6,30.106,18.6,38.6,48.26299999999999,11.8,16.1,73.352,0.8,6.1,0.5780000000000001,1.6,21.7,0.074,11.9,2.7,75.8
67,107,2019-03-16,10,2,2018-2019,R10 Score Vasco da Gama,Flamengo,76.8,21.0,39.6,16.2,37.7,12.6,25.1,16.9,14.9,1.176,7.0,24.1,29.068999999999996,19.8,41.4,47.709,16.2,21.8,74.21,0.6,6.8,0.4840000000000001,0.6,19.9,0.033,14.9,1.8,79.4,85.5,27.0,43.2,15.3,45.5,14.3,31.2,17.7,13.6,1.391,9.0,26.9,32.94500000000001,21.6,39.9,54.595000000000006,15.3,20.0,76.29599999999999,1.0,6.8,0.5559999999999998,1.7,19.8,0.08900000000000001,13.6,1.6,102.7
80,98,2019-03-16,10,2,2018-2019,Coop/São José Basketball,Sesi Franca,78.799,23.7,38.79899999999999,16.3,34.79899999999999,8.801,26.001000000000005,18.898999999999994,16.099,1.186,7.901000000000001,24.698999999999995,31.790999999999997,19.401000000000003,34.199,56.604000000000006,16.3,21.201000000000004,75.595,1.001,7.601000000000001,0.47800000000000004,1.001,24.301000000000005,0.045000000000000005,16.099,1.9009999999999998,88.5,85.9,32.4,39.6,13.9,34.0,8.5,25.5,18.2,12.7,1.4699999999999998,10.8,27.2,39.947,19.8,34.8,57.385000000000005,13.9,17.6,79.38,1.6,8.3,0.699,2.3,18.7,0.123,12.7,1.7,100.7
81,77,2019-03-16,10,2,2018-2019,Brasília,Pinheiros,80.4,23.1,42.0,15.3,37.8,10.7,27.1,15.1,16.5,0.9380000000000001,7.7,23.8,32.358999999999995,21.0,38.6,54.491,15.3,21.0,72.54100000000001,0.7,6.9,0.42800000000000005,3.0,24.0,0.125,16.5,2.2,86.7,80.45,30.0,34.8,15.65,37.3,10.8,26.5,15.35,14.1,1.15,10.0,26.7,37.56500000000001,17.4,34.6,50.148999999999994,15.65,22.4,70.129,1.25,6.8,0.506,1.4,18.9,0.081,14.1,2.8,86.55
86,93,2019-03-18,11,2,2018-2019,Paulistano,Sesi Franca,88.999,35.7,37.8,15.499,41.749,12.501,29.250999999999998,17.701,15.549000000000001,1.183,11.9,32.451,36.597,18.9,33.601,56.157000000000004,15.499,20.35,76.14399999999999,2.401,5.2,0.341,2.3009999999999997,22.2,0.10800000000000001,15.549000000000001,1.85,99.551,86.45,33.3,39.1,14.05,34.9,8.7,26.2,18.35,12.5,1.512,11.1,28.1,39.833000000000006,19.55,34.85,56.539,14.05,18.1,78.102,1.65,8.35,0.7169999999999999,2.4,19.0,0.12700000000000003,12.5,1.5,101.4
61,72,2019-03-19,11,2,2018-2019,Coop/São José Basketball,Corinthians,76.74900000000001,23.55,37.599,15.6,36.099,9.751000000000001,26.351000000000006,17.898999999999994,15.599,1.159,7.851000000000001,25.748999999999995,30.659,18.801000000000005,34.699,54.041,15.6,20.551000000000005,74.50699999999999,1.001,7.4510000000000005,0.49800000000000005,0.951,24.101000000000006,0.043000000000000003,15.599,1.6509999999999998,84.8,80.6,22.9,40.065999999999995,17.634,35.7,9.466,26.234,16.566,14.666,1.213,7.634,22.166,34.638,20.034,38.565999999999995,52.206,17.634,22.166,79.56,2.0,7.7,0.5489999999999999,2.234,22.734,0.098,14.666,1.6,90.434
74,76,2019-03-21,11,2,2018-2019,Paulistano,Bauru Basket,88.466,35.1,38.2,15.166,41.065999999999995,12.234,28.834000000000003,17.834,15.565999999999999,1.19,11.7,32.034000000000006,36.444,19.1,33.834,56.372,15.166,20.2,74.963,2.534,5.2,0.33999999999999997,2.434,22.2,0.11500000000000002,15.565999999999999,1.8,98.534,79.2,27.15,37.9,14.15,31.55,7.65,23.9,16.25,13.1,1.263,9.05,27.45,33.24900000000001,18.95,34.35,54.687,14.15,18.95,77.176,0.85,8.8,0.677,2.2,21.95,0.09900000000000002,13.1,1.65,86.2
82,65,2019-03-23,11,2,2018-2019,Sesi Franca,Mogi,87.45,33.6,40.0,13.85,35.5,8.9,26.6,18.45,12.35,1.544,11.2,28.4,39.80200000000001,20.0,35.4,57.003,13.85,18.0,77.431,1.7,8.6,0.7499999999999999,2.45,19.1,0.12900000000000003,12.35,1.75,103.2,77.5,25.2,40.0,12.3,39.0,11.3,27.7,17.8,12.6,1.434,8.4,24.6,34.983999999999995,20.0,40.1,51.138999999999996,12.3,16.9,73.07000000000001,1.4,5.6,0.4680000000000001,2.2,18.4,0.119,12.6,1.8,88.6
84,76,2019-03-24,12,2,2018-2019,Bauru Basket,Joinville / AABJ,79.05,27.9,37.6,13.55,31.35,8.3,23.05,16.2,13.05,1.2639999999999998,9.3,28.0,33.447,18.8,34.5,54.009,13.55,17.8,78.275,0.95,8.7,0.6719999999999999,1.9,21.4,0.085,13.05,1.4,85.35,75.25,28.95,34.8,11.5,35.3,10.3,25.0,12.2,14.55,0.8299999999999998,9.65,29.9,32.031,17.4,36.55,47.226000000000006,11.5,16.15,70.66799999999999,1.2,7.3,0.5049999999999999,2.0,19.1,0.11300000000000002,14.55,2.45,73.4
85,72,2019-03-24,12,2,2018-2019,Corinthians,R10 Score Vasco da Gama,80.95,22.85,41.132999999999996,16.967000000000002,35.9,9.433,26.467000000000002,16.883,14.782999999999998,1.2239999999999998,7.617,21.982999999999997,34.84,20.567,38.833,53.206,16.967000000000002,21.333,79.637,2.0,7.55,0.532,2.367,22.167,0.10700000000000001,14.782999999999998,1.6,91.76700000000001,75.9,20.7,39.4,15.8,36.95,12.3,24.65,17.65,15.1,1.207,6.9,23.85,28.943,19.7,41.3,47.598,15.8,21.3,74.078,0.65,6.55,0.46500000000000014,0.65,19.5,0.036,15.1,1.8,78.4
100,104,2019-03-24,12,2,2018-2019,Paulistano,Botafogo,88.583,34.8,38.6,15.182999999999998,40.483,12.217,28.267000000000003,18.117,15.532999999999998,1.21,11.6,31.917,36.26200000000001,19.3,34.117000000000004,56.501,15.182999999999998,20.2,75.046,2.617,5.2,0.33999999999999997,2.367,22.65,0.11000000000000001,15.532999999999998,1.85,98.31700000000001,74.25,24.75,37.0,12.5,35.0,13.6,21.4,15.05,12.05,1.327,8.25,25.85,31.887999999999998,18.5,38.7,47.87799999999999,12.5,17.15,72.612,0.7,6.4,0.597,1.55,21.8,0.07200000000000001,12.05,2.9,77.55
95,85,2019-03-24,12,2,2018-2019,Minas,Fortaleza B. C. / CFO,79.05,25.35,40.7,13.0,40.5,13.5,27.0,17.0,16.4,1.0759999999999998,8.45,26.05,32.649,20.35,39.55,51.74100000000001,13.0,18.6,66.489,2.0,7.35,0.45499999999999996,2.0,20.8,0.10199999999999998,16.4,2.3,87.0,76.95,23.25,41.8,11.9,35.15,9.95,25.2,14.15,14.55,1.05,7.75,23.75,32.367,20.9,39.15,53.408,11.9,17.15,67.50899999999999,1.3,7.95,0.584,2.6,21.35,0.126,14.55,3.0,82.55
97,54,2019-03-24,12,2,2018-2019,Flamengo,Brasília,86.9,28.35,43.5,15.05,45.85,14.15,31.7,18.5,13.45,1.4620000000000002,9.45,27.8,33.407,21.75,39.9,54.98,15.05,19.8,75.81899999999999,1.05,7.3,0.596,1.65,19.45,0.08700000000000001,13.45,1.6,105.5,79.2,22.8,41.1,15.3,38.85,11.2,27.65,16.0,17.55,0.9360000000000002,7.6,23.3,32.543,20.55,39.15,52.251999999999995,15.3,21.35,71.19500000000001,0.65,7.0,0.40700000000000003,3.35,23.85,0.14,17.55,2.3,85.9
81,96,2019-03-26,12,2,2018-2019,Bauru Basket,Mogi,79.1,27.6,38.2,13.3,31.2,9.0,22.2,15.6,13.0,1.2229999999999996,9.2,28.5,32.31400000000001,19.1,35.1,53.98,13.3,17.3,78.943,1.0,8.7,0.6739999999999999,1.8,21.2,0.07900000000000003,13.0,1.3,83.9,79.45,26.55,41.3,11.6,37.65,11.05,26.6,18.7,12.45,1.53,8.85,25.45,35.034000000000006,20.65,39.95,53.201,11.6,15.45,76.729,1.25,6.0,0.51,2.1,18.85,0.11300000000000002,12.45,1.6,91.7
84,72,2019-03-26,12,2,2018-2019,Sesi Franca,Joinville / AABJ,88.1,32.7,41.2,14.2,37.1,9.4,27.7,18.8,12.6,1.544,10.9,28.0,39.212,20.6,36.6,56.895999999999994,14.2,18.5,77.381,1.9,8.7,0.748,2.4,19.2,0.12600000000000003,12.6,1.9,105.0,74.6,29.7,33.4,11.5,35.8,10.3,25.5,12.4,14.8,0.829,9.9,30.2,32.557,16.7,36.1,45.961,11.5,16.4,69.671,1.2,7.5,0.507,1.7,18.6,0.10200000000000002,14.8,2.5,72.6
84,77,2019-03-26,12,2,2018-2019,Corinthians,Botafogo,81.3,22.8,42.2,16.3,36.1,9.4,26.7,17.2,14.9,1.2349999999999999,7.6,21.8,35.042,21.1,39.1,54.206,16.3,20.5,79.714,2.0,7.4,0.515,2.5,21.6,0.11599999999999999,14.9,1.6,93.1,76.05,25.95,37.3,12.8,35.05,13.9,21.15,15.1,11.95,1.34,8.65,26.45,32.582,18.65,38.7,48.253,12.8,17.5,72.832,0.6,6.6,0.6169999999999999,1.4,22.05,0.065,11.95,3.0,79.5
112,80,2019-03-26,12,2,2018-2019,Pinheiros,R10 Score Vasco da Gama,83.6,30.3,37.6,15.7,37.5,11.0,26.5,16.1,13.9,1.26,10.1,27.1,37.248,18.8,35.3,52.68599999999999,15.7,21.7,73.2,1.4,7.4,0.583,1.5,19.2,0.084,13.9,2.6,92.7,75.0,20.4,39.2,15.4,36.2,12.0,24.2,18.4,15.3,1.238,6.8,23.6,28.817,19.6,41.2,47.487,15.4,20.8,73.94600000000003,0.7,6.3,0.44600000000000006,0.7,19.1,0.039,15.3,1.8,77.4
100,82,2019-03-26,12,2,2018-2019,Flamengo,Fortaleza B. C. / CFO,88.3,29.7,43.8,14.8,46.2,14.0,32.2,19.3,13.3,1.533,9.9,28.7,33.86899999999999,21.9,39.9,55.364999999999995,14.8,19.6,75.34200000000001,1.1,7.8,0.6359999999999999,1.6,19.1,0.08500000000000002,13.3,1.6,108.3,78.75,23.55,42.0,13.2,35.6,10.2,25.4,14.15,15.25,0.9809999999999999,7.85,23.15,33.513,21.0,39.5,53.242000000000004,13.2,18.45,70.24600000000001,1.4,7.8,0.5389999999999999,2.7,21.7,0.12799999999999997,15.25,3.0,84.5
68,74,2019-03-26,12,2,2018-2019,Minas,Brasília,79.0,25.35,40.2,13.45,39.95,12.8,27.15,16.55,16.45,1.0379999999999998,8.45,26.45,32.25600000000001,20.1,39.05,51.76500000000001,13.45,18.65,68.402,1.9,8.0,0.5,2.3,21.35,0.11399999999999999,16.45,2.5,87.1,78.0,23.1,39.2,15.7,39.1,11.4,27.7,16.2,18.1,0.9170000000000001,7.7,23.8,32.278999999999996,19.6,38.9,49.929,15.7,21.6,72.643,0.7,7.1,0.403,3.5,23.8,0.146,18.1,2.5,83.9
65,73,2019-03-26,12,2,2018-2019,Coop/São José Basketball,Paulistano,75.099,23.4,37.199,14.5,36.79899999999999,10.201,26.601000000000006,17.699,15.599,1.145,7.801,26.698999999999995,29.589,18.601,34.398999999999994,54.017999999999994,14.5,19.500999999999998,72.46599999999998,1.001,7.001,0.4680000000000001,0.901,23.101000000000006,0.041,15.599,1.501,82.2,88.7,34.5,39.0,15.2,39.9,12.2,27.7,18.4,15.5,1.23,11.5,31.8,36.08,19.5,34.4,56.629999999999995,15.2,20.2,75.129,2.7,5.2,0.33999999999999997,2.3,23.1,0.10499999999999998,15.5,1.9,98.1
87,78,2019-03-30,1,3,2018-2019,Brasília,Corinthians,78.3,22.8,40.0,15.5,39.2,11.6,27.6,16.8,17.5,1.0070000000000001,7.6,23.3,32.627,20.0,39.7,49.741,15.5,21.3,72.689,0.9,7.0,0.417,3.8,23.6,0.16,17.5,2.7,85.8,81.4,22.2,42.4,16.8,35.2,9.1,26.1,16.5,15.1,1.127,7.4,21.9,34.034000000000006,21.2,38.4,55.197,16.8,21.3,79.244,2.0,7.3,0.49800000000000005,2.0,21.4,0.09900000000000002,15.1,1.7,91.0
81,87,2019-04-01,1,3,2018-2019,Coop/São José Basketball,Botafogo,75.299,22.2,39.199,13.9,36.099,9.801,26.301000000000005,17.699,15.299000000000001,1.174,7.401000000000001,26.199,28.784000000000002,19.601,35.099,55.775999999999996,13.9,19.301,69.51999999999998,1.001,7.101000000000001,0.4800000000000001,0.8009999999999999,23.701,0.03500000000000001,15.299000000000001,1.401,82.0,77.5,26.1,37.8,13.6,34.3,13.0,21.3,15.1,11.7,1.3659999999999999,8.7,26.2,33.305,18.9,37.9,50.190999999999995,13.6,18.6,72.851,0.6,7.0,0.6639999999999999,1.6,21.8,0.077,11.7,2.9,82.1
78,71,2019-04-03,1,3,2018-2019,Minas,Bauru Basket,78.6,26.7,38.8,13.1,39.0,11.8,27.2,16.3,16.1,1.0710000000000002,8.9,26.4,33.980000000000004,19.4,37.8,51.589,13.1,18.2,67.88199999999999,1.8,8.1,0.526,2.4,20.9,0.123,16.1,2.7,87.2,78.7,27.9,38.4,12.4,30.9,8.7,22.2,16.0,13.0,1.2559999999999998,9.3,28.4,32.766000000000005,19.2,35.1,54.325,12.4,15.7,81.026,1.0,8.7,0.6739999999999999,1.9,20.9,0.08500000000000002,13.0,1.5,84.7
92,86,2019-04-04,2,3,2018-2019,Corinthians,Brasília,82.0,22.5,42.4,17.1,36.0,9.3,26.7,17.0,14.6,1.234,7.5,22.45,33.605000000000004,21.2,38.75,54.71900000000001,17.1,21.5,79.85,2.3,7.3,0.534,2.15,21.1,0.10600000000000002,14.6,1.75,92.85,78.9,22.5,40.2,16.2,39.2,11.2,28.0,17.2,16.9,1.0610000000000002,7.5,23.5,31.954,20.1,39.4,50.455,16.2,22.4,72.286,1.0,6.8,0.41800000000000004,3.5,23.2,0.15,16.9,2.7,86.7
75,68,2019-04-05,1,3,2018-2019,Fortaleza B. C. / CFO,Paulistano,79.7,22.8,42.8,14.1,35.7,9.6,26.1,14.3,15.3,0.9879999999999999,7.6,22.3,33.38099999999999,21.4,39.8,53.846000000000004,14.1,19.4,72.351,1.5,7.4,0.495,2.8,21.7,0.13299999999999998,15.3,3.2,86.0,87.0,34.2,38.8,14.0,40.0,12.2,27.8,18.3,15.1,1.2670000000000001,11.4,30.7,36.725,19.4,35.5,54.872,14.0,19.5,71.88499999999999,2.7,4.9,0.325,2.3,21.9,0.10699999999999998,15.1,2.2,96.0
66,61,2019-04-05,2,3,2018-2019,Botafogo,Coop/São José Basketball,76.9,26.4,35.6,14.9,36.8,14.1,22.7,14.7,11.4,1.3639999999999999,8.8,27.2,32.905,17.8,37.7,47.330999999999996,14.9,20.0,73.978,0.7,6.9,0.6689999999999999,1.8,21.4,0.088,11.4,2.4,82.1,74.699,22.5,37.998999999999995,14.2,35.998999999999995,9.201,26.801,17.999000000000002,14.899000000000001,1.2349999999999999,7.501,26.099,29.203000000000003,19.000999999999998,34.898999999999994,54.342000000000006,14.2,19.601,70.88399999999999,0.901,6.7010000000000005,0.46099999999999997,1.101,23.401,0.04700000000000001,14.899000000000001,1.6009999999999998,81.7
66,59,2019-04-06,2,3,2018-2019,Bauru Basket,Minas,78.2,28.8,37.4,12.0,32.3,8.4,23.9,16.0,12.2,1.3429999999999997,9.6,29.6,32.46300000000001,18.7,34.1,54.36900000000001,12.0,15.4,79.334,1.0,8.4,0.6739999999999999,2.1,20.5,0.09500000000000001,12.2,1.3,85.8,78.1,26.4,38.2,13.5,38.3,10.7,27.6,16.7,15.6,1.1350000000000002,8.8,26.6,33.302,19.1,36.5,52.221000000000004,13.5,18.9,68.43799999999999,1.9,7.8,0.525,2.4,21.4,0.11400000000000002,15.6,2.6,87.0
83,74,2019-04-06,3,3,2018-2019,Corinthians,Brasília,81.7,20.7,42.6,18.4,37.5,9.8,27.7,17.8,15.0,1.2579999999999998,6.9,22.0,31.272,21.3,39.4,54.11900000000001,18.4,23.4,79.44,2.5,7.5,0.531,2.7,21.2,0.12700000000000003,15.0,1.9,93.9,78.8,22.2,39.8,16.8,39.75,11.5,28.25,17.15,16.55,1.076,7.4,24.25,30.877,19.9,39.9,49.439,16.8,22.95,73.046,1.2,7.1,0.442,3.2,23.9,0.137,16.55,2.5,86.05
74,84,2019-04-08,2,3,2018-2019,Paulistano,Fortaleza B. C. / CFO,85.8,32.85,38.4,14.55,40.9,12.45,28.45,18.55,14.35,1.3920000000000001,10.95,31.45,34.788,19.2,35.45,54.364999999999995,14.55,19.9,72.85900000000001,2.6,4.85,0.35300000000000004,2.35,22.15,0.10800000000000001,14.35,2.1,95.5,80.7,23.25,41.6,15.85,36.45,9.5,26.95,14.6,14.45,1.0859999999999999,7.75,23.1,33.053000000000004,20.8,39.4,52.68299999999999,15.85,21.1,74.48,1.45,7.6,0.539,2.65,22.2,0.12499999999999997,14.45,2.7,88.15
85,64,2019-04-08,3,3,2018-2019,Bauru Basket,Minas,77.8,27.6,38.2,12.0,32.8,8.3,24.5,16.7,12.3,1.384,9.2,28.5,32.764,19.1,34.2,55.361000000000004,12.0,15.2,79.975,1.0,8.0,0.6369999999999999,1.6,19.8,0.08,12.3,1.5,86.9,75.7,25.5,37.2,13.0,37.4,10.5,26.9,16.2,15.6,1.0990000000000002,8.5,26.0,32.95399999999999,18.6,36.3,51.175,13.0,18.2,68.22999999999999,1.7,8.1,0.547,2.6,21.2,0.12400000000000003,15.6,3.0,83.9
91,76,2019-04-12,1,4,2018-2019,Botafogo,Pinheiros,79.1,26.85,37.3,14.95,36.0,13.6,22.4,15.55,11.65,1.403,8.95,27.05,33.627,18.65,38.1,49.056000000000004,14.95,19.75,75.502,1.0,6.9,0.661,1.75,21.6,0.084,11.65,2.55,85.1,83.2,29.7,37.8,15.7,36.7,10.9,25.8,15.55,13.9,1.225,9.9,26.55,37.347,18.9,35.75,52.36699999999998,15.7,21.1,75.10400000000001,1.4,7.9,0.615,1.75,18.6,0.098,13.9,2.8,92.3
73,92,2019-04-13,1,4,2018-2019,Corinthians,Flamengo,79.8,21.3,41.0,17.5,36.5,9.1,27.4,17.4,14.7,1.267,7.1,22.7,30.846000000000004,20.5,38.7,52.955000000000005,17.5,22.2,79.53200000000001,2.3,7.7,0.5690000000000001,2.9,20.8,0.14,14.7,1.9,91.0,89.0,31.95,42.3,14.75,46.35,14.1,32.25,20.05,13.95,1.5240000000000002,10.65,29.0,36.513999999999996,21.15,39.8,53.794000000000004,14.75,19.15,77.42999999999999,1.1,8.15,0.6399999999999999,1.35,19.0,0.07,13.95,1.7,109.55
69,77,2019-04-13,1,4,2018-2019,Fortaleza B. C. / CFO,Mogi,80.2,22.5,41.6,16.1,37.2,10.7,26.5,15.0,13.4,1.2459999999999998,7.5,23.6,31.719,20.8,40.4,51.533,16.1,21.4,74.817,1.6,7.5,0.5589999999999999,2.7,22.1,0.128,13.4,2.3,88.0,79.5,25.2,41.8,12.5,37.8,11.5,26.3,19.2,11.9,1.6829999999999998,8.4,25.5,32.531,20.9,40.5,53.16799999999999,12.5,15.6,80.38799999999999,1.1,5.8,0.513,2.4,19.2,0.128,11.9,1.4,93.0
82,94,2019-04-16,1,4,2018-2019,Bauru Basket,Sesi Franca,79.2,29.1,37.6,12.5,33.5,8.7,24.8,18.1,12.3,1.4840000000000002,9.7,29.4,33.705,18.8,33.7,55.504000000000005,12.5,15.7,81.165,0.9,7.8,0.623,1.3,19.7,0.06500000000000002,12.3,1.3,89.7,88.7,33.3,41.8,13.6,37.0,8.9,28.1,19.0,12.1,1.634,11.1,28.3,39.498000000000005,20.9,36.8,57.392999999999994,13.6,18.2,75.44,2.1,9.0,0.8089999999999999,2.2,19.0,0.11500000000000002,12.1,1.9,106.0
79,60,2019-04-17,2,4,2018-2019,Flamengo,Corinthians,88.4,31.5,41.8,15.1,45.3,13.4,31.9,20.2,14.9,1.466,10.5,28.5,36.50000000000001,20.9,39.4,53.759,15.1,19.3,78.708,1.3,8.6,0.642,1.6,19.3,0.08,14.9,2.1,108.5,76.8,20.7,39.6,16.5,36.2,9.0,27.2,16.5,15.2,1.185,6.9,21.5,32.055,19.8,39.8,50.422000000000004,16.5,21.1,79.169,2.6,7.8,0.5589999999999999,2.9,21.0,0.139,15.2,2.1,85.7
67,58,2019-04-18,2,4,2018-2019,Pinheiros,Botafogo,81.9,28.2,38.2,15.5,36.8,11.0,25.8,15.3,13.9,1.209,9.4,25.9,36.322,19.1,36.2,52.351,15.5,20.5,76.056,1.4,8.1,0.628,1.8,18.1,0.101,13.9,3.0,91.3,78.0,27.0,36.2,14.8,34.7,12.8,21.9,15.5,12.3,1.363,9.0,26.9,33.977999999999994,18.1,37.3,48.331,14.8,19.6,75.23400000000001,1.0,6.8,0.639,1.7,22.1,0.07899999999999999,12.3,2.7,82.3
96,71,2019-04-19,2,4,2018-2019,Mogi,Fortaleza B. C. / CFO,82.15,25.05,43.9,13.2,37.35,10.75,26.6,20.0,12.3,1.6960000000000002,8.35,24.9,33.089,21.95,39.7,56.449,13.2,16.25,81.609,1.25,5.9,0.5,2.25,19.15,0.12000000000000002,12.3,1.4,97.9,79.6,23.7,40.4,15.5,37.4,11.5,25.9,15.1,13.0,1.2709999999999997,7.9,24.2,32.565,20.2,41.2,48.816,15.5,20.1,78.317,1.7,7.4,0.567,2.8,22.0,0.134,13.0,2.1,87.2
91,65,2019-04-20,3,4,2018-2019,Flamengo,Corinthians,88.0,31.2,42.0,14.8,45.5,13.1,32.4,20.0,15.4,1.3539999999999999,10.4,28.8,35.83200000000001,21.0,38.4,55.35100000000001,14.8,18.8,79.21400000000001,1.3,8.7,0.596,1.6,18.6,0.082,15.4,2.1,108.6,76.25,21.75,38.4,16.1,36.55,9.55,27.0,16.95,15.1,1.213,7.25,22.15,32.614000000000004,19.2,40.1,48.300000000000004,16.1,20.55,79.523,2.45,8.3,0.588,2.7,21.0,0.12900000000000003,15.1,2.1,85.35
89,64,2019-04-20,3,4,2018-2019,Pinheiros,Botafogo,82.5,30.6,37.4,14.5,36.8,11.0,25.8,16.3,14.6,1.2220000000000002,10.2,26.4,38.527,18.7,35.4,52.313999999999986,14.5,19.3,75.16300000000001,1.5,7.6,0.568,1.7,18.9,0.09200000000000001,14.6,3.1,92.5,77.7,26.7,35.6,15.4,34.6,12.9,21.7,15.5,13.3,1.203,8.9,25.8,34.897,17.8,37.2,47.684000000000005,15.4,20.2,76.345,1.0,6.6,0.519,1.7,22.3,0.07799999999999999,13.3,2.8,81.5
73,71,2019-04-21,3,4,2018-2019,Mogi,Fortaleza B. C. / CFO,82.5,26.1,43.0,13.4,37.2,10.4,26.8,20.4,12.8,1.669,8.7,25.2,34.059999999999995,21.5,38.6,56.452,13.4,16.5,81.742,1.3,6.0,0.483,2.4,19.5,0.12400000000000003,12.8,1.5,98.9,78.0,23.1,40.2,14.7,37.0,11.0,26.0,15.8,13.0,1.3169999999999997,7.7,24.4,31.410999999999994,20.1,40.8,48.968,14.7,18.6,79.31700000000001,1.5,6.9,0.534,2.9,21.7,0.14,13.0,2.3,86.1
83,77,2019-04-22,2,4,2018-2019,Sesi Franca,Bauru Basket,89.6,33.3,42.4,13.9,36.3,9.0,27.3,19.2,12.1,1.654,11.1,28.5,39.242000000000004,21.2,36.3,59.00699999999999,13.9,18.4,76.273,2.0,9.0,0.8089999999999999,2.1,18.3,0.11699999999999999,12.1,2.0,107.0,77.7,30.3,35.4,12.0,34.1,9.1,25.0,18.1,12.8,1.4340000000000002,10.1,30.5,33.716,17.7,32.1,54.898,12.0,15.3,79.771,0.9,7.8,0.603,1.4,19.4,0.07,12.8,1.4,88.1
90,68,2019-04-24,3,4,2018-2019,Sesi Franca,Bauru Basket,89.3,33.3,41.9,14.1,37.15,9.35,27.8,19.3,11.75,1.7369999999999997,11.1,28.5,39.242000000000004,20.95,36.1,58.629,14.1,18.65,76.27300000000001,2.0,8.65,0.797,1.8,18.2,0.10200000000000001,11.75,1.95,107.25,76.75,29.85,35.6,11.3,34.05,9.0,25.05,17.65,12.2,1.472,9.95,29.9,33.800000000000004,17.8,32.5,54.604,11.3,14.4,79.671,0.85,7.0,0.5740000000000001,1.55,19.35,0.077,12.2,1.45,86.95
88,73,2019-04-27,4,4,2018-2019,Botafogo,Pinheiros,78.6,27.45,36.0,15.15,34.55,12.55,22.0,15.95,13.85,1.1840000000000002,9.15,26.2,35.202,18.0,36.75,48.909000000000006,15.15,19.7,77.30699999999999,1.1,6.55,0.5000000000000001,2.05,22.9,0.091,13.85,2.75,83.35,80.6,29.1,36.2,15.3,36.6,11.4,25.2,15.1,14.8,1.084,9.7,26.3,36.929,18.1,34.7,51.778,15.3,20.7,74.201,1.1,7.8,0.571,1.6,19.5,0.08300000000000002,14.8,3.0,88.1
78,82,2019-04-30,5,4,2018-2019,Pinheiros,Botafogo,80.75,30.3,35.3,15.15,36.35,11.6,24.75,15.35,14.25,1.169,10.1,27.3,37.219,17.65,34.2,51.227999999999994,15.15,20.45,74.488,1.1,7.5,0.5800000000000001,1.6,20.0,0.08200000000000003,14.25,2.5,88.05,78.9,28.2,35.4,15.3,34.6,12.2,22.4,15.8,14.3,1.1350000000000002,9.4,25.7,37.222,17.7,36.2,48.751000000000005,15.3,20.0,76.95,1.1,6.7,0.4960000000000001,2.4,22.9,0.10800000000000001,14.3,2.8,84.5
77,79,2019-05-03,1,5,2018-2019,Botafogo,Flamengo,79.4,28.8,35.0,15.6,33.9,11.4,22.5,16.4,13.9,1.2289999999999999,9.6,25.9,37.848,17.5,34.7,50.315,15.6,19.8,79.45,1.1,6.5,0.49300000000000005,2.3,22.5,0.10500000000000001,13.9,2.4,86.9,88.0,32.4,41.8,13.8,43.9,12.7,31.2,20.2,15.4,1.37,10.8,28.6,37.71,20.9,37.6,56.232000000000006,13.8,17.9,76.95200000000001,1.2,8.7,0.596,1.2,18.9,0.06400000000000002,15.4,2.2,108.0
77,85,2019-05-04,1,5,2018-2019,Mogi,Sesi Franca,81.25,24.75,43.5,13.0,37.65,10.5,27.15,20.1,12.75,1.652,8.25,24.75,32.992999999999995,21.75,39.6,55.596000000000004,13.0,16.05,81.14399999999999,1.2,5.95,0.48,2.2,19.2,0.11600000000000002,12.75,1.45,96.9,88.5,33.0,41.2,14.3,37.3,9.2,28.1,18.6,11.6,1.698,11.0,28.8,38.42,20.6,35.4,58.74100000000001,14.3,18.8,76.694,2.0,8.8,0.8200000000000001,1.5,17.7,0.08700000000000001,11.6,2.0,105.9
89,78,2019-05-08,2,5,2018-2019,Sesi Franca,Mogi,88.1,34.5,39.4,14.2,38.3,9.9,28.4,18.7,10.7,1.8359999999999999,11.5,29.9,38.59400000000001,19.7,35.1,56.223,14.2,18.8,76.194,1.8,8.6,0.8420000000000002,1.2,17.6,0.073,10.7,1.8,105.6,80.1,23.4,43.8,12.9,38.3,10.8,27.5,18.9,12.3,1.6099999999999999,7.8,24.6,31.525,21.9,40.5,54.624,12.9,15.8,81.61699999999999,1.2,5.8,0.48200000000000004,2.1,19.3,0.11100000000000002,12.3,1.5,94.5
81,69,2019-05-09,2,5,2018-2019,Flamengo,Botafogo,88.8,31.8,42.6,14.4,42.9,12.1,30.8,20.3,14.4,1.449,10.6,27.9,37.949,21.3,38.4,56.184000000000005,14.4,19.0,75.87100000000001,1.2,8.9,0.618,1.5,18.7,0.081,14.4,2.2,109.0,77.25,27.75,34.8,14.7,33.0,10.0,23.0,16.65,13.85,1.255,9.25,25.65,36.866,17.4,33.7,51.648,14.7,18.85,77.841,1.1,6.3,0.479,2.45,23.0,0.11000000000000001,13.85,2.4,84.85
